date,temp_max,temp_min,precipitation_sum,snowfall_sum,wind_speed_max
2025-01-01,1.3,-6.8,3.9,2.66,19.8
2025-01-02,3.1,1.3,2.0,0.07,26.8
2025-01-03,1.4,-8.1,3.5,1.96,19.6
2025-01-04,-3.6,-8.9,0.8,0.56,9.4
2025-01-05,-3.8,-7.1,0.5,0.35,17.0
2025-01-06,-5.3,-6.6,0.0,0.0,13.8
2025-01-07,1.6,-5.7,6.1,2.45,14.3
2025-01-08,3.3,0.9,1.0,0.0,18.6
2025-01-09,0.7,-2.5,0.0,0.0,14.5
2025-01-10,2.1,-1.8,2.4,0.21,14.2
2025-01-11,3.8,0.8,5.0,0.0,15.7
2025-01-12,0.4,-2.2,0.0,0.0,13.2
2025-01-13,-1.6,-4.3,0.8,0.56,11.1
2025-01-14,-1.2,-7.7,2.0,1.33,17.7
2025-01-15,1.5,-2.8,0.3,0.14,14.1
2025-01-16,1.5,-4.7,3.8,2.31,16.8
2025-01-17,3.1,1.5,0.0,0.0,18.5
2025-01-18,2.1,0.3,1.8,0.07,18.4
2025-01-19,1.2,-1.6,0.0,0.0,18.0
2025-01-20,1.8,-2.3,0.0,0.0,17.0
2025-01-21,-2.5,-7.6,0.0,0.0,11.2
2025-01-22,-2.1,-7.7,0.9,0.63,16.0
2025-01-23,-2.1,-3.1,0.0,0.0,15.9
2025-01-24,-1.2,-3.0,0.0,0.0,9.1
2025-01-25,1.5,-1.9,0.0,0.0,11.9
2025-01-26,3.0,0.6,0.9,0.49,13.8
2025-01-27,4.5,1.5,2.4,0.0,16.0
2025-01-28,4.0,2.9,0.1,0.0,12.7
2025-01-29,4.1,2.8,0.1,0.0,11.5
2025-01-30,6.5,3.3,0.1,0.0,13.5
2025-01-31,5.3,1.0,0.0,0.0,12.2
2025-02-01,3.8,1.2,1.4,0.0,15.0
2025-02-02,1.5,-0.8,0.4,0.28,14.2
2025-02-03,0.7,-1.7,0.1,0.07,9.3
2025-02-04,0.3,-4.1,0.0,0.0,6.5
2025-02-05,0.1,-2.9,0.0,0.0,16.0
2025-02-06,-0.8,-2.4,0.0,0.0,7.8
2025-02-07,-2.4,-4.6,0.0,0.0,12.6
2025-02-08,-3.2,-4.8,0.0,0.0,7.5
2025-02-09,-3.7,-5.2,0.0,0.0,3.6
2025-02-10,-4.0,-6.1,0.0,0.0,6.7
2025-02-11,-4.6,-6.9,0.0,0.0,6.6
2025-02-12,-5.2,-8.0,0.0,0.0,10.4
2025-02-13,-6.0,-8.2,0.0,0.0,8.6
2025-02-14,-5.1,-10.0,0.2,0.21,9.9
2025-02-15,-7.6,-10.3,0.2,0.14,11.9
2025-02-16,-9.0,-12.6,0.5,0.35,13.0
2025-02-17,-9.9,-15.0,0.0,0.0,14.7
2025-02-18,-6.6,-15.8,0.3,0.21,8.2
2025-02-19,-4.8,-10.3,0.1,0.07,9.0
2025-02-20,-6.4,-13.7,0.0,0.0,8.1
2025-02-21,-3.2,-12.1,0.0,0.0,9.6
2025-02-22,-2.7,-10.2,0.0,0.0,8.1
2025-02-23,-3.7,-14.1,0.0,0.0,6.6
2025-02-24,-3.2,-16.0,0.0,0.0,8.0
2025-02-25,-2.0,-15.2,0.0,0.0,4.4
2025-02-26,-1.2,-10.5,0.0,0.0,6.1
2025-02-27,0.8,-11.7,0.0,0.0,5.8
2025-02-28,3.3,-11.5,0.0,0.0,8.7
2025-03-01,3.3,-4.2,0.0,0.0,9.6
2025-03-02,1.3,-2.8,0.4,0.28,8.2
2025-03-03,1.1,-1.7,1.2,0.84,12.3
2025-03-04,3.1,-1.1,5.7,2.8,16.7
2025-03-05,3.4,-0.1,3.2,1.75,22.3
2025-03-06,7.4,1.7,2.3,0.0,19.9
2025-03-07,8.8,1.6,0.0,0.0,22.2
2025-03-08,9.6,-1.3,0.0,0.0,13.2
2025-03-09,10.9,2.3,0.0,0.0,13.2
2025-03-10,9.0,0.0,0.0,0.0,12.2
2025-03-11,11.3,3.9,0.2,0.0,15.0
2025-03-12,11.8,4.8,4.6,0.0,11.8
2025-03-13,10.9,3.8,0.2,0.0,16.0
2025-03-14,13.8,3.3,7.0,0.0,28.7
2025-03-15,2.6,-1.6,0.0,0.0,14.1
2025-03-16,4.5,-3.8,0.0,0.0,12.0
2025-03-17,-0.9,-3.4,1.8,1.26,16.1
2025-03-18,1.5,-6.4,0.0,0.0,8.4
2025-03-19,3.6,-4.2,0.9,0.42,20.2
2025-03-20,7.8,-0.9,0.0,0.0,14.8
2025-03-21,8.7,1.5,0.0,0.0,14.4
2025-03-22,4.0,-1.1,0.0,0.0,13.9
2025-03-23,4.9,-3.9,0.0,0.0,8.6
2025-03-24,10.1,-1.6,0.0,0.0,17.0
2025-03-25,5.0,1.3,5.2,0.14,17.1
2025-03-26,5.3,1.0,0.2,0.0,8.6
2025-03-27,7.6,2.7,1.8,0.0,9.1
2025-03-28,10.7,2.9,0.1,0.0,6.0
2025-03-29,12.6,1.1,0.0,0.0,8.3
2025-03-30,12.0,2.3,0.0,0.0,10.1
2025-03-31,14.2,4.6,0.0,0.0,12.6
2025-04-01,13.0,7.0,6.8,0.0,14.7
2025-04-02,12.5,5.9,3.6,0.0,17.8
2025-04-03,13.2,4.6,0.0,0.0,12.2
2025-04-04,15.5,3.5,0.0,0.0,19.1
2025-04-05,6.1,1.2,0.1,0.0,16.3
2025-04-06,0.5,-2.9,11.6,8.12,22.2
2025-04-07,0.6,-2.8,13.4,9.38,19.2
2025-04-08,-0.6,-2.8,7.3,5.04,13.5
2025-04-09,-0.6,-3.5,3.6,2.52,17.3
2025-04-10,1.0,-4.8,1.0,0.7,14.2
2025-04-11,2.4,-5.2,0.0,0.0,14.1
2025-04-12,2.8,-1.3,1.2,0.84,13.7
2025-04-13,8.7,-0.9,2.4,1.68,12.2
2025-04-14,11.7,0.7,0.0,0.0,12.5
2025-04-15,17.1,6.2,0.0,0.0,16.2
2025-04-16,19.9,7.2,0.0,0.0,7.9
2025-04-17,17.7,8.4,0.0,0.0,13.5
2025-04-18,22.4,11.1,0.4,0.0,10.3
2025-04-19,24.1,12.8,1.2,0.0,14.4
2025-04-20,24.2,13.3,0.0,0.0,14.7
2025-04-21,25.5,11.7,0.0,0.0,17.1
2025-04-22,23.7,13.6,0.1,0.0,12.7
2025-04-23,25.9,11.1,0.3,0.0,15.2
2025-04-24,19.4,10.2,0.0,0.0,12.4
2025-04-25,17.1,8.0,3.3,0.0,17.8
2025-04-26,7.9,1.6,0.0,0.0,20.5
2025-04-27,5.4,-0.6,0.3,0.21,18.4
2025-04-28,11.2,-1.3,0.0,0.0,18.8
2025-04-29,11.7,5.6,3.0,0.0,23.2
2025-04-30,10.3,6.9,1.8,0.0,17.0
2025-05-01,8.7,3.4,21.1,0.0,16.2
2025-05-02,7.7,0.9,9.3,4.9,23.3
2025-05-03,13.6,2.0,0.4,0.0,17.5
2025-05-04,17.5,6.8,7.7,0.0,18.8
2025-05-05,13.7,6.7,3.5,0.0,24.7
2025-05-06,11.0,2.1,0.4,0.0,19.4
2025-05-07,13.5,4.4,0.1,0.0,9.5
2025-05-08,9.1,4.1,0.2,0.0,13.1
2025-05-09,9.1,2.6,0.0,0.0,15.4
2025-05-10,10.0,1.9,1.8,0.0,15.5
2025-05-11,8.4,2.4,1.2,0.0,16.7
2025-05-12,9.1,1.4,4.0,0.07,14.0
2025-05-13,8.8,3.2,7.1,0.0,9.2
2025-05-14,12.7,4.5,0.9,0.0,11.2
2025-05-15,16.9,5.2,0.1,0.0,13.4
2025-05-16,21.4,9.7,0.0,0.0,15.0
2025-05-17,20.7,11.5,0.0,0.0,19.8
2025-05-18,21.8,12.7,1.4,0.0,20.8
2025-05-19,16.7,11.8,1.9,0.0,15.7
2025-05-20,17.4,9.6,6.3,0.0,13.6
2025-05-21,18.7,10.2,0.8,0.0,13.4
2025-05-22,22.8,9.4,0.0,0.0,9.0
2025-05-23,25.4,13.4,0.0,0.0,16.1
2025-05-24,27.1,15.9,0.0,0.0,14.8
2025-05-25,28.2,16.6,0.0,0.0,17.4
2025-05-26,28.2,16.9,0.0,0.0,22.1
2025-05-27,26.1,18.8,0.0,0.0,17.6
2025-05-28,27.2,15.6,0.0,0.0,18.6
2025-05-29,29.1,16.9,0.1,0.0,20.5
2025-05-30,25.7,19.4,0.5,0.0,20.9
2025-05-31,25.5,18.0,3.5,0.0,12.6
2025-06-01,21.0,15.1,0.1,0.0,19.8
2025-06-02,23.0,10.6,0.0,0.0,13.3
2025-06-03,23.4,14.7,0.1,0.0,15.5
2025-06-04,22.3,14.8,0.4,0.0,17.5
2025-06-05,25.2,13.2,0.0,0.0,12.5
2025-06-06,26.5,16.4,2.7,0.0,15.9
2025-06-07,27.3,18.5,3.3,0.0,17.7
2025-06-08,27.3,17.1,1.9,0.0,17.2
2025-06-09,26.9,18.0,1.7,0.0,19.3
2025-06-10,20.4,13.7,0.0,0.0,15.3
2025-06-11,20.2,10.8,0.0,0.0,9.5
2025-06-12,21.5,14.4,3.7,0.0,10.8
2025-06-13,20.4,14.1,10.4,0.0,17.0
2025-06-14,17.7,12.2,10.0,0.0,16.2
2025-06-15,17.7,12.9,5.7,0.0,19.0
2025-06-16,23.1,13.0,0.0,0.0,12.0
2025-06-17,22.0,14.5,5.2,0.0,9.7
2025-06-18,19.7,14.7,4.1,0.0,9.5
2025-06-19,17.8,13.1,4.7,0.0,19.8
2025-06-20,17.0,11.3,7.8,0.0,14.5
2025-06-21,16.5,11.8,0.1,0.0,17.5
2025-06-22,16.3,9.9,2.6,0.0,14.3
2025-06-23,19.4,11.0,0.0,0.0,9.9
2025-06-24,20.4,11.3,1.9,0.0,20.0
2025-06-25,18.9,12.9,1.8,0.0,19.1
2025-06-26,19.4,12.8,1.1,0.0,18.0
2025-06-27,18.5,11.1,0.0,0.0,18.6
2025-06-28,22.4,10.2,0.0,0.0,11.9
2025-06-29,21.6,13.3,7.7,0.0,18.6
2025-06-30,14.7,11.0,8.3,0.0,21.4
2025-07-01,15.3,11.2,7.6,0.0,23.1
2025-07-02,19.6,12.0,1.5,0.0,18.2
2025-07-03,25.0,14.8,0.0,0.0,15.7
2025-07-04,24.7,16.8,1.5,0.0,16.4
2025-07-05,20.1,13.7,0.0,0.0,17.5
2025-07-06,21.9,12.2,0.1,0.0,13.0
2025-07-07,27.7,16.0,0.1,0.0,14.8
2025-07-08,31.7,18.6,1.6,0.0,17.8
2025-07-09,31.3,20.8,1.5,0.0,10.9
2025-07-10,33.5,22.4,0.0,0.0,17.8
2025-07-11,35.1,21.8,0.0,0.0,17.3
2025-07-12,33.2,23.7,0.6,0.0,14.0
2025-07-13,30.9,21.4,3.1,0.0,12.4
2025-07-14,28.0,19.9,1.8,0.0,11.0
2025-07-15,26.7,18.7,9.0,0.0,9.1
2025-07-16,24.6,17.8,7.4,0.0,8.9
2025-07-17,25.3,17.3,5.6,0.0,9.0
2025-07-18,26.1,16.8,0.0,0.0,13.6
2025-07-19,26.5,16.3,1.4,0.0,19.0
2025-07-20,25.7,18.9,0.6,0.0,16.6
2025-07-21,20.5,17.7,31.2,0.0,13.9
2025-07-22,22.4,16.9,3.2,0.0,10.1
2025-07-23,24.3,16.8,1.4,0.0,8.1
2025-07-24,24.7,17.5,3.0,0.0,8.8
2025-07-25,27.2,17.7,0.0,0.0,10.2
2025-07-26,25.8,15.3,0.0,0.0,8.7
2025-07-27,27.6,15.7,0.0,0.0,7.6
2025-07-28,29.7,19.0,0.0,0.0,9.0
2025-07-29,30.3,20.0,0.2,0.0,10.7
2025-07-30,30.2,19.9,0.1,0.0,10.4
2025-07-31,29.4,20.6,0.1,0.0,12.8
2025-08-01,25.6,19.3,18.3,0.0,15.3
2025-08-02,23.7,18.6,1.1,0.0,10.9
2025-08-03,25.9,15.9,0.2,0.0,8.7
2025-08-04,22.6,18.5,21.7,0.0,12.0
2025-08-05,23.3,18.4,7.4,0.0,17.1
2025-08-06,24.7,17.2,0.0,0.0,11.4
2025-08-07,19.8,16.1,5.2,0.0,13.7
2025-08-08,21.1,12.7,0.1,0.0,11.2
2025-08-09,19.5,13.4,10.3,0.0,10.2
2025-08-10,21.5,12.9,0.1,0.0,10.6
2025-08-11,19.5,14.3,1.9,0.0,8.7
2025-08-12,20.4,14.1,5.0,0.0,12.3
2025-08-13,20.7,13.0,1.0,0.0,14.9
2025-08-14,18.1,11.6,0.5,0.0,13.8
2025-08-15,22.9,14.6,0.0,0.0,14.1
2025-08-16,23.1,12.3,0.0,0.0,13.4
2025-08-17,20.0,14.1,1.4,0.0,12.4
2025-08-18,17.4,11.1,4.2,0.0,12.3
2025-08-19,19.6,14.0,0.5,0.0,17.9
2025-08-20,21.9,12.8,6.8,0.0,19.8
2025-08-21,15.8,12.1,9.0,0.0,9.2
2025-08-22,17.6,8.7,0.0,0.0,11.9
2025-08-23,17.4,10.6,0.0,0.0,10.4
2025-08-24,18.4,9.7,0.0,0.0,9.5
2025-08-25,15.7,9.3,1.5,0.0,16.5
2025-08-26,15.5,9.5,2.2,0.0,14.5
2025-08-27,15.8,8.9,1.0,0.0,13.0
2025-08-28,17.8,9.4,0.1,0.0,18.6
2025-08-29,19.9,11.5,0.9,0.0,12.1
2025-08-30,27.5,16.9,0.0,0.0,14.0
2025-08-31,28.1,15.7,0.0,0.0,11.1
2025-09-01,21.9,15.7,0.0,0.0,15.4
2025-09-02,17.1,13.8,0.0,0.0,16.7
2025-09-03,19.2,12.3,0.0,0.0,12.8
2025-09-04,18.5,12.1,0.1,0.0,10.2
2025-09-05,20.1,10.4,0.0,0.0,6.9
2025-09-06,21.2,11.0,0.0,0.0,8.5
2025-09-07,22.3,12.2,0.0,0.0,9.9
2025-09-08,22.0,12.0,0.0,0.0,9.7
2025-09-09,22.7,11.8,0.0,0.0,10.5
2025-09-10,19.6,10.1,0.0,0.0,8.1
2025-09-11,21.0,7.9,0.0,0.0,7.7
2025-09-12,17.5,11.5,0.0,0.0,12.2
2025-09-13,17.4,7.5,0.0,0.0,8.9
2025-09-14,18.3,8.1,0.0,0.0,7.7
2025-09-15,21.5,8.0,0.0,0.0,11.2
2025-09-16,21.8,11.3,0.0,0.0,13.5
2025-09-17,20.8,11.8,0.0,0.0,13.0
2025-09-18,19.2,9.4,0.4,0.0,12.6
2025-09-19,14.9,10.5,4.9,0.0,14.5
2025-09-20,16.0,10.7,0.4,0.0,16.4
2025-09-21,21.6,13.3,0.0,0.0,16.0
2025-09-22,25.6,15.1,0.0,0.0,16.7
2025-09-23,19.7,11.1,1.2,0.0,12.7
2025-09-24,11.2,6.4,0.1,0.0,17.3
2025-09-25,10.5,6.1,0.4,0.0,15.8
2025-09-26,13.8,3.3,0.0,0.0,14.6
2025-09-27,11.0,6.2,3.6,0.0,9.7
2025-09-28,9.3,5.9,1.2,0.0,17.6
2025-09-29,8.7,4.9,0.0,0.0,18.6
2025-09-30,9.4,0.4,0.0,0.0,8.3
2025-10-01,11.9,0.6,0.0,0.0,8.8
2025-10-02,12.2,2.4,0.0,0.0,9.2
2025-10-03,12.2,4.9,1.3,0.0,8.8
2025-10-04,14.3,4.6,0.0,0.0,14.9
2025-10-05,13.3,7.4,1.0,0.0,13.0
2025-10-06,13.0,9.7,3.3,0.0,8.4
2025-10-07,13.0,8.7,0.6,0.0,5.8
2025-10-08,13.4,9.4,0.0,0.0,6.0
2025-10-09,14.2,8.7,0.7,0.0,11.4
2025-10-10,11.4,8.4,1.5,0.0,13.0
2025-10-11,12.2,8.5,0.7,0.0,13.1
2025-10-12,9.4,6.0,1.0,0.0,13.0
2025-10-13,6.4,2.7,20.6,0.07,14.3
2025-10-14,5.8,3.6,5.1,0.0,13.6
2025-10-15,5.4,0.5,6.6,0.0,14.3
2025-10-16,5.9,-0.9,0.5,0.0,13.1
2025-10-17,10.5,6.1,2.7,0.0,16.8
2025-10-18,7.2,4.5,0.2,0.0,10.5
2025-10-19,7.7,4.4,0.3,0.0,11.2
2025-10-20,8.4,4.3,0.4,0.0,12.0
2025-10-21,5.0,3.2,2.4,0.0,12.5
2025-10-22,6.8,4.2,0.0,0.0,6.7
2025-10-23,6.4,2.8,0.1,0.0,10.6
2025-10-24,9.8,4.9,1.9,0.0,13.3
2025-10-25,11.9,8.1,0.3,0.0,18.2
2025-10-26,8.5,5.3,4.7,0.0,17.9
2025-10-27,9.0,3.6,2.8,0.0,17.3
2025-10-28,7.7,5.3,6.9,0.0,13.1
2025-10-29,7.6,4.0,2.6,0.0,11.5
2025-10-30,8.0,3.9,0.0,0.0,10.3
2025-10-31,6.5,4.5,9.9,0.0,17.6
2025-11-01,6.4,4.4,0.0,0.0,10.5
2025-11-02,7.2,3.6,0.1,0.0,10.9
2025-11-03,8.9,4.0,1.8,0.0,14.8
2025-11-04,9.5,7.8,3.0,0.0,15.0
2025-11-05,8.7,3.9,0.0,0.0,13.6
2025-11-06,8.8,5.2,1.6,0.0,14.9
2025-11-07,10.0,7.2,1.6,0.0,13.1
2025-11-08,10.5,8.1,0.2,0.0,15.0
2025-11-09,8.0,3.7,0.0,0.0,12.6
2025-11-10,3.7,2.5,0.0,0.0,9.0
2025-11-11,5.3,2.8,0.0,0.0,7.0
2025-11-12,4.3,2.3,1.0,0.0,13.5
2025-11-13,6.4,3.5,0.1,0.0,14.4
2025-11-14,6.9,4.2,0.5,0.0,21.4
2025-11-15,5.3,-3.3,12.8,5.04,14.6
2025-11-16,-2.0,-5.5,0.0,0.0,13.9
2025-11-17,3.2,-5.2,2.9,0.0,17.1
2025-11-18,9.4,1.2,10.1,0.0,20.3
2025-11-19,0.9,-0.6,0.0,0.0,17.9
2025-11-20,1.2,-1.5,0.0,0.0,13.4
2025-11-21,1.2,-1.9,0.6,0.35,14.7
2025-11-22,2.1,0.3,4.6,1.96,7.1
2025-11-23,1.0,-1.9,0.1,0.07,14.3
2025-11-24,5.0,-1.0,10.5,0.7,19.9
2025-11-25,1.1,-0.7,0.0,0.0,16.7
2025-11-26,0.9,0.3,7.2,3.22,8.5
2025-11-27,5.1,1.0,6.3,0.0,12.1
2025-11-28,5.6,1.5,3.7,0.0,12.1
2025-11-29,1.2,-0.4,0.0,0.0,11.0
2025-11-30,3.1,0.6,0.2,0.0,8.6
2025-12-01,2.8,-0.6,0.0,0.0,10.3
2025-12-02,1.0,-0.1,0.0,0.0,8.8
2025-12-03,1.6,0.4,0.0,0.0,6.0
2025-12-04,2.9,0.8,0.0,0.0,8.5
2025-12-05,2.7,1.1,0.0,0.0,8.5
2025-12-06,3.5,1.8,0.0,0.0,9.2
2025-12-07,2.2,0.2,0.0,0.0,9.8
2025-12-08,0.8,-0.3,0.0,0.0,12.8
2025-12-09,0.2,-1.2,0.4,0.28,18.2
2025-12-10,0.3,-1.6,2.2,1.54,13.3
2025-12-11,3.4,0.5,4.2,0.0,17.6
2025-12-12,4.4,-3.8,3.6,0.84,21.1
2025-12-13,-3.9,-5.6,0.8,0.63,25.0
2025-12-14,-5.1,-8.1,0.6,0.42,17.1
2025-12-15,-5.7,-11.1,0.1,0.07,9.7
2025-12-16,1.5,-6.4,1.4,0.91,14.3
2025-12-17,1.8,0.3,0.1,0.0,12.4
2025-12-18,1.4,-0.2,0.0,0.0,15.7
2025-12-19,1.4,-1.3,0.2,0.0,11.7
2025-12-20,-0.2,-0.9,0.0,0.0,13.5
2025-12-21,0.7,-0.7,0.5,0.35,13.8
2025-12-22,1.2,-4.6,1.7,0.77,18.9
2025-12-23,-5.9,-15.4,0.0,0.0,17.5
2025-12-24,-5.5,-17.1,0.7,0.56,16.2
2025-12-25,-0.6,-4.8,3.6,2.59,19.3
2025-12-26,1.0,-0.3,9.4,6.51,21.4
2025-12-27,0.5,-3.3,0.8,0.56,18.4
2025-12-28,-2.1,-3.2,2.7,1.89,11.4
2025-12-29,-3.5,-5.2,2.1,1.47,7.4
2025-12-30,-4.2,-5.8,4.6,3.22,13.0
2025-12-31,-5.0,-8.5,2.8,1.96,10.9
